{
  "name": "gekre-prison",
  "title": "Gekre Prison",
  "description": "NONE DESCRIPTION YET",
  "version": "0.0.1",
  "minimumCoreVersion": "0.0.0",
  "compatibleCoreVersion": "2.0.0",
  "scripts": [],
  "esmodules": [],
  "styles": [],
  "packs": [],
  "languages": [
    {
      "lang": "en",
      "name": "English"
    }
  ],
  "authors": [
    {
    "author": "Racooze"
    }
  ],
  "keywords": [],
  "socket": false,
  "url": "https://github.com/wiryandtease/Gekle-Prison",
  "manifest": "https://raw.githubusercontent.com/wiryandtease/Gekre-Prison/main/world.json",
  "download": "https://github.com/wiryandtease/Gekre-Prison/raw/main/packages/gekre-prison-v0.0.1.zip",
  "license": "",
  "readme": "",
  "bugs": "",
  "changelog": "",
  "background": "",
  "system": "dnd5e",
  "coreVersion": "0.8.5",
  "systemVersion": "1.3.2",
  "nextSession": "1970-01-01T00:00:00.000Z",
  "availability": 0,
  "unavailable": false,
  "id": "gekre-prison"
}